{"cameraMode":{"drawMode":0,"name":"Shaded","section":"Shading Mode"},"sceneLighting":true,"audioPlay":false,"sceneViewState":{"showFog":true,"showMaterialUpdate":false,"showSkybox":true,"showFlares":true,"showImageEffects":true,"showParticleSystems":true},"in2DMode":false,"pivot":{"x":0.0,"y":0.8999996185302734,"z":8.899999618530274},"rotation":{"x":0.1309489905834198,"y":-0.032709602266550067,"z":0.004322900902479887,"w":0.9908405542373657},"size":13.97730541229248,"orthographic":true}